{"stat.chestOpened":9,"stat.walkOneCm":20470,"stat.useItem.minecraft.chest":1,"achievement.openInventory":4,"stat.leaveGame":7,"stat.damageTaken":580,"stat.useItem.minecraft.golden_apple":5,"stat.flyOneCm":10382,"stat.deaths":1,"stat.jump":97,"stat.playOneMinute":56246,"stat.fallOneCm":2073,"stat.crouchOneCm":456,"stat.timeSinceDeath":47,"stat.useItem.minecraft.dirt":7,"stat.sprintOneCm":9176,"stat.mineBlock.minecraft.dirt":8,"achievement.exploreAllBiomes":{"value":0,"progress":["Roofed Forest M","Extreme Hills M","Plains","Extreme Hills"]},"stat.useItem.minecraft.cooked_chicken":1}